{"train_acc_list": [53.125, 56.25, 62.5, 50.0], "val_acc_list": [53.125, 46.875, 53.125, 71.875], "train_loss_list": [53.125, 46.875, 53.125, 71.875], "val_loss_list": [0.6816167235374451, 0.8761707544326782, 0.7326744794845581, 0.7053743600845337], "iter_list": [0, 1, 2, 3]}