{"train_acc_list": [62.5, 56.25, 37.5, 71.875], "val_acc_list": [46.875, 46.875, 43.75, 56.25], "train_loss_list": [46.875, 46.875, 43.75, 56.25], "val_loss_list": [0.657049298286438, 0.7723643183708191, 0.7057941555976868, 0.7134684324264526], "iter_list": [0, 1, 2, 3]}