{"train_acc_list": [53.125, 28.125, 50.0, 50.0], "val_acc_list": [65.625, 50.0, 46.875, 46.875], "train_loss_list": [65.625, 50.0, 46.875, 46.875], "val_loss_list": [0.6979501247406006, 0.7230780124664307, 0.7472679615020752, 0.7121894955635071], "iter_list": [0, 1, 2, 3]}